cve_id,hash,repo_url,rel_type,score
CVE-2022-3153,1540d334a04d874c2aa9d26b82dbbcd4bc5a78de,https://github.com/vim/vim,NVD_DIRECT_COMMIT,1337
CVE-2023-48655,158c8b2f788b75e0d26e9249a75e1be291e59d4b,https://github.com/MISP/MISP,NVD_DIRECT_COMMIT,1337
CVE-2021-43825,148de954ed3585d8b4298b424aa24916d0de6136,https://github.com/envoyproxy/envoy,NVD_DIRECT_COMMIT,1337
CVE-2019-19055,1399c59fa92984836db90538cf92397fe7caaa57,https://github.com/torvalds/linux,NVD_DIRECT_COMMIT,1337
CVE-2017-18255,1572e45a924f254d9570093abde46430c3172e3d,https://github.com/torvalds/linux,NVD_DIRECT_COMMIT,1337
CVE-2022-47940,158a66b245739e15858de42c0ba60fcf3de9b8e6,https://github.com/torvalds/linux,NVD_DIRECT_COMMIT,1337
CVE-2017-7895,13bf9fbff0e5e099e2b6f003a0ab8ae145436309,https://github.com/torvalds/linux,NVD_DIRECT_COMMIT,1337
CVE-2015-8963,12ca6ad2e3a896256f086497a7c7406a547ee373,https://github.com/torvalds/linux,NVD_DIRECT_COMMIT,1337
CVE-2013-1792,0da9dfdd2cd9889201bc6f6f43580c99165cd087,https://github.com/torvalds/linux,NVD_DIRECT_COMMIT,1337
CVE-2011-5327,12f09ccb4612734a53e47ed5302e0479c10a50f8,https://github.com/torvalds/linux,NVD_DIRECT_COMMIT,1337
CVE-2012-3375,13d518074a952d33d47c428419693f63389547e9,https://github.com/torvalds/linux,NVD_DIRECT_COMMIT,1337
CVE-2021-30015,13dad7d5ef74ca2e6fe4010f5b03eb12e9bbe0ec,https://github.com/gpac/gpac,NVD_DIRECT_COMMIT,1337
CVE-2023-23004,15342f930ebebcfe36f2415049736a77d7d2e045,https://github.com/torvalds/linux,NVD_DIRECT_COMMIT,1337
CVE-2023-1195,153695d36ead0ccc4d0256953c751cabf673e621,https://github.com/torvalds/linux,NVD_DIRECT_COMMIT,1337
CVE-2023-40584,1391ba72149655e4884d357586d3201f15bc92dc,https://github.com/argoproj/argo-cd,GHSD_DIRECT_COMMIT,1337
CVE-2013-4592,12d6e7538e2d418c08f082b1b44ffa5fb7270ed8,https://github.com/torvalds/linux,NVD_DIRECT_COMMIT,1337
CVE-2019-19059,0f4f199443faca715523b0659aa536251d8b978f,https://github.com/torvalds/linux,NVD_DIRECT_COMMIT,1337
CVE-2013-1797,0b79459b482e85cb7426aa7da683a9f2c97aeae1,https://github.com/torvalds/linux,NVD_DIRECT_COMMIT,1337
CVE-2011-4127,0bfc96cb77224736dfa35c3c555d37b3646ef35e,https://github.com/torvalds/linux,NVD_DIRECT_COMMIT,1337
CVE-2010-5332,0926f91083f34d047abc74f1ca4fa6a9c161f7db,https://github.com/torvalds/linux,NVD_DIRECT_COMMIT,1337
CVE-2020-36183,12e23c962ffb4cf1857c5461d72ae54cc8008f29,https://github.com/FasterXML/jackson-databind,GHSD_DIRECT_COMMIT,1337
CVE-2023-28333,128c0c21607a71f411611a0104b2a8c858dd6fca,https://github.com/moodle/moodle,GHSD_DIRECT_COMMIT,1337
CVE-2023-23622,105fee978d73b0ec23ff814a09d1c0c9ace95164,https://github.com/discourse/discourse,NVD_DIRECT_COMMIT,1337
CVE-2013-0228,13d2b4d11d69a92574a55bfd985cfb0ca77aebdc,https://github.com/torvalds/linux,NVD_DIRECT_COMMIT,1337
CVE-2023-23620,105fee978d73b0ec23ff814a09d1c0c9ace95164,https://github.com/discourse/discourse,NVD_DIRECT_COMMIT,1337
CVE-2023-35156,13875a6437d4525ac4aeea25918f2d2dffac9ee1,https://github.com/xwiki/xwiki-platform,NVD_DIRECT_COMMIT,1337
CVE-2022-41935,1450b6e3c69ac7df25e5a2571186d1f43402facd,https://github.com/xwiki/xwiki-platform,NVD_DIRECT_COMMIT,1337
CVE-2016-9467,1352365e8bf5ea49da3dc82b1ccf7ddb659ae960,https://github.com/nextcloud/server,NVD_DIRECT_COMMIT,1337
CVE-2011-4086,15291164b22a357cb211b618adfef4fa82fc0de3,https://github.com/torvalds/linux,NVD_DIRECT_COMMIT,1337
CVE-2011-2898,13fcb7bd322164c67926ffe272846d4860196dc6,https://github.com/torvalds/linux,NVD_DIRECT_COMMIT,1337
CVE-2018-8087,0ddcff49b672239dda94d70d0fcf50317a9f4b51,https://github.com/torvalds/linux,NVD_DIRECT_COMMIT,1337
CVE-2019-18808,128c66429247add5128c03dc1e144ca56f05a4e2,https://github.com/torvalds/linux,NVD_DIRECT_COMMIT,1337
CVE-2008-7316,124d3b7041f9a0ca7c43a6293e1cae4576c32fd5,https://github.com/torvalds/linux,NVD_DIRECT_COMMIT,1337
CVE-2017-16527,124751d5e63c823092060074bd0abaae61aaa9c4,https://github.com/torvalds/linux,NVD_DIRECT_COMMIT,1337
CVE-2013-0305,0e7861aec73702f7933ce2a93056f7983939f0d6,https://github.com/django/django,GHSD_DIRECT_COMMIT,1337
CVE-2013-2015,0e9a9a1ad619e7e987815d20262d36a2f95717ca,https://github.com/torvalds/linux,NVD_DIRECT_COMMIT,1337
CVE-2014-3145,05ab8f2647e4221cbdb3856dd7d32bd5407316b3,https://github.com/torvalds/linux,NVD_DIRECT_COMMIT,1337
CVE-2017-5548,05a974efa4bdf6e2a150e3f27dc6fcf0a9ad5655,https://github.com/torvalds/linux,NVD_DIRECT_COMMIT,1337
CVE-2012-0038,093019cf1b18dd31b2c3b77acce4e000e2cbc9ce,https://github.com/torvalds/linux,NVD_DIRECT_COMMIT,1337
CVE-2022-41929,0b732f2ef0224e2aaf10e2e1ef48dbd3fb6e10cd,https://github.com/xwiki/xwiki-platform,NVD_DIRECT_COMMIT,1337
CVE-2016-10154,06deeec77a5a689cc94b21a8a91a76e42176685d,https://github.com/torvalds/linux,NVD_DIRECT_COMMIT,1337
CVE-2023-22888,05bd90f563649f2e9c8f0c85cf5838315a665a02,https://github.com/apache/airflow,GHSD_DIRECT_COMMIT,1337
CVE-2016-2053,0d62e9dd6da45bbf0f33a8617afc5fe774c8f45f,https://github.com/torvalds/linux,NVD_DIRECT_COMMIT,1337
CVE-2014-9888,0ea1ec713f04bdfac343c9702b21cd3a7c711826,https://github.com/torvalds/linux,NVD_DIRECT_COMMIT,1337
CVE-2019-19082,104c307147ad379617472dd91a5bcb368d72bd6d,https://github.com/torvalds/linux,NVD_DIRECT_COMMIT,1337
CVE-2021-33362,1273cdc706eeedf8346d4b9faa5b33435056061d,https://github.com/gpac/gpac,NVD_DIRECT_COMMIT,1337
CVE-2022-0696,0f6e28f686dbb59ab3b562408ab9b2234797b9b1,https://github.com/vim/vim,NVD_DIRECT_COMMIT,1337
CVE-2013-0263,0cd7e9aa397f8ebb3b8481d67dbac8b4863a7f07,https://github.com/rack/rack,NVD_DIRECT_COMMIT,1337
CVE-2022-3297,0ff01835a40f549c5c4a550502f62a2ac9ac447c,https://github.com/vim/vim,NVD_DIRECT_COMMIT,1337
CVE-2016-10088,128394eff343fc6d2f32172f03e24829539c5835,https://github.com/torvalds/linux,NVD_DIRECT_COMMIT,1337
CVE-2016-2184,0f886ca12765d20124bd06291c82951fd49a33be,https://github.com/torvalds/linux,NVD_DIRECT_COMMIT,1337
CVE-2017-5576,0f2ff82e11c86c05d051cae32b58226392d33bbf,https://github.com/torvalds/linux,NVD_DIRECT_COMMIT,1337
CVE-2011-1160,1309d7afbed112f0e8e90be9af975550caa0076b,https://github.com/torvalds/linux,NVD_DIRECT_COMMIT,1337
CVE-2016-2180,0ed26acce328ec16a3aa635f1ca37365e8c7403a,https://github.com/openssl/openssl,NVD_DIRECT_COMMIT,1337
CVE-2013-1957,132c94e31b8bca8ea921f9f96a57d684fa4ae0a9,https://github.com/torvalds/linux,NVD_DIRECT_COMMIT,1337
CVE-2015-0205,1421e0c584ae9120ca1b88098f13d6d2e90b83a3,https://github.com/openssl/openssl,NVD_DIRECT_COMMIT,1337
CVE-2021-4189,0ab152c6b5d95caa2dc1a30fa96e10258b5f188e,https://github.com/python/cpython,NVD_DIRECT_COMMIT,1337
CVE-2017-6350,0c8485f0e4931463c0f7986e1ea84a7d79f10c75,https://github.com/vim/vim,NVD_DIRECT_COMMIT,1337
CVE-2014-9731,0e5cc9a40ada6046e6bc3bdfcd0c0d7e4b706b14,https://github.com/torvalds/linux,NVD_DIRECT_COMMIT,1337
CVE-2013-1928,12176503366885edd542389eed3aaf94be163fdb,https://github.com/torvalds/linux,NVD_DIRECT_COMMIT,1337
CVE-2023-0433,11977f917506d950b7e0cae558bd9189260b253b,https://github.com/vim/vim,NVD_DIRECT_COMMIT,1337
CVE-2022-39319,11555828d2cf289b350baba5ad1f462f10b80b76,https://github.com/FreeRDP/FreeRDP,NVD_DIRECT_COMMIT,1337
CVE-2017-9605,07678eca2cf9c9a18584e546c2b2a0d0c9a3150c,https://github.com/torvalds/linux,NVD_DIRECT_COMMIT,1337
CVE-2022-31036,04c305396458508a31d03d44afea07b1c620d7cd,https://github.com/argoproj/argo-cd,NVD_DIRECT_COMMIT,1337
CVE-2007-6761,0b29669c065f60501e7289e1950fa2a618962358,https://github.com/torvalds/linux,NVD_DIRECT_COMMIT,1337
CVE-2022-47518,0cdfa9e6f0915e3d243e2393bfa8a22e12d553b0,https://github.com/torvalds/linux,NVD_DIRECT_COMMIT,1337
CVE-2013-0309,027ef6c87853b0a9df53175063028edb4950d476,https://github.com/torvalds/linux,NVD_DIRECT_COMMIT,1337
CVE-2022-2125,0e8e938d497260dd57be67b4966cb27a5f72376f,https://github.com/vim/vim,NVD_DIRECT_COMMIT,1337
CVE-2023-28107,0bd64788d2b4680c04fbef76314a24884d65fed9,https://github.com/discourse/discourse,NVD_DIRECT_COMMIT,1337
CVE-2022-46159,0ce38bd7bce862db251b882613ab7053ca777382,https://github.com/discourse/discourse,NVD_DIRECT_COMMIT,1337
CVE-2011-2491,0b760113a3a155269a3fba93a409c640031dd68f,https://github.com/torvalds/linux,NVD_DIRECT_COMMIT,1337
CVE-2023-28334,0e3c8eb740e1e49a62a5f452cda7e06258712bbf,https://github.com/moodle/moodle,GHSD_DIRECT_COMMIT,1337
CVE-2018-11508,0a0b98734479aa5b3c671d5190e86273372cab95,https://github.com/torvalds/linux,NVD_DIRECT_COMMIT,1337
CVE-2017-3735,068b963bb7afc57f5bdd723de0dd15e7795d5822,https://github.com/openssl/openssl,NVD_DIRECT_COMMIT,1337
CVE-2021-29434,5c7a60977cba478f6a35390ba98cffc2bd41c8a4,https://github.com/wagtail/wagtail,GHSD_DIRECT_COMMIT,1337
CVE-2022-31063,c947975a4f1ff7bbfd7d5cd24a2e16bf12bd96d4,https://github.com/Enalean/tuleap,NVD_DIRECT_COMMIT,1337
CVE-2015-4003,04bf464a5dfd9ade0dda918e44366c2c61fce80b,https://github.com/torvalds/linux,NVD_DIRECT_COMMIT,1337
CVE-2019-19064,057b8945f78f76d0b04eeb5c27cd9225e5e7ad86,https://github.com/torvalds/linux,NVD_DIRECT_COMMIT,1337
CVE-2023-43655,95e091c921037b7b6564942845e7b738f6b95c9c,https://github.com/composer/composer,NVD_DIRECT_COMMIT,1337
CVE-2015-2672,06c8173eb92bbfc03a0fe8bb64315857d0badd06,https://github.com/torvalds/linux,NVD_DIRECT_COMMIT,1337
CVE-2015-8539,096fe9eaea40a17e125569f9e657e34cdb6d73bd,https://github.com/torvalds/linux,NVD_DIRECT_COMMIT,1337
CVE-2013-4119,0773bb9303d24473fe1185d85a424dfe159aff53,https://github.com/FreeRDP/FreeRDP,NVD_DIRECT_COMMIT,1337
CVE-2021-41116,ca5e2f8d505fd3bfac6f7c85b82f2740becbc0aa,https://github.com/composer/composer,NVD_DIRECT_COMMIT,1337
CVE-2022-31027,5cd2d1816f90dc5c946e6e38fd2d0ba535624c5c,https://github.com/jupyterhub/oauthenticator,GHSD_DIRECT_COMMIT,1337
CVE-2023-46237,68d73740d7d40aee77cfda3fb8199d58bf04f48b,https://github.com/FOGProject/fogproject,NVD_DIRECT_COMMIT,1337
CVE-2018-13303,00e8181bd97c834fe60751b0c511d4bb97875f78,https://github.com/FFmpeg/FFmpeg,NVD_DIRECT_COMMIT,1337
CVE-2015-8374,0305cd5f7fca85dae392b9ba85b116896eb7c1c7,https://github.com/torvalds/linux,NVD_DIRECT_COMMIT,1337
CVE-2014-4652,07f4d9d74a04aa7c72c5dae0ef97565f28f17b92,https://github.com/torvalds/linux,NVD_DIRECT_COMMIT,1337
CVE-2023-34096,26de047275c355c5ae2bbbc51b164f0f8bef5c5b,https://github.com/sni/Thruk,NVD_DIRECT_COMMIT,1337
CVE-2020-29572,0bfc0bf38a7758b27c5c446fec5e3b905e5a54ab,https://github.com/MISP/MISP,NVD_DIRECT_COMMIT,1337
CVE-2024-23638,e8118a7381213f5cfcdeb4cec1d2d854bfd261c8,https://github.com/squid-cache/squid,NVD_DIRECT_COMMIT,1337
CVE-2018-8787,09b9d4f1994a674c4ec85b4947aa656eda1aed8a,https://github.com/FreeRDP/FreeRDP,NVD_DIRECT_COMMIT,1337
CVE-2018-13405,0fa3ecd87848c9c93c2c828ef4c3a8ca36ce46c7,https://github.com/torvalds/linux,NVD_DIRECT_COMMIT,1337
CVE-2010-4648,0a54917c3fc295cb61f3fb52373c173fd3b69f48,https://github.com/torvalds/linux,NVD_DIRECT_COMMIT,1337
CVE-2013-0349,0a9ab9bdb3e891762553f667066190c1d22ad62b,https://github.com/torvalds/linux,NVD_DIRECT_COMMIT,1337
CVE-2011-1759,0f22072ab50cac7983f9660d33974b45184da4f9,https://github.com/torvalds/linux,NVD_DIRECT_COMMIT,1337
CVE-2021-35039,0c18f29aae7ce3dadd26d8ee3505d07cc982df75,https://github.com/torvalds/linux,NVD_DIRECT_COMMIT,1337
CVE-2017-10911,089bc0143f489bd3a4578bdff5f4ca68fb26f341,https://github.com/torvalds/linux,NVD_DIRECT_COMMIT,1337
CVE-2018-10891,0b18d0c960c27994dd9870d286f2da3fa5868c06,https://github.com/moodle/moodle,GHSD_DIRECT_COMMIT,1337
CVE-2023-37467,0976c8fad6970b6182e7837bf87de07709407f25,https://github.com/discourse/discourse,NVD_DIRECT_COMMIT,1337
CVE-2015-0206,103b171d8fc282ef435f8de9afbf7782e312961f,https://github.com/openssl/openssl,NVD_DIRECT_COMMIT,1337
CVE-2016-6197,11f3710417d026ea2f4fcf362d866342c5274185,https://github.com/torvalds/linux,NVD_DIRECT_COMMIT,1337
CVE-2018-25020,050fad7c4534c13c8eb1d9c2ba66012e014773cb,https://github.com/torvalds/linux,NVD_DIRECT_COMMIT,1337
CVE-2019-15920,088aaf17aa79300cab14dbee2569c58cfafd7d6e,https://github.com/torvalds/linux,NVD_DIRECT_COMMIT,1337
CVE-2019-11599,04f5866e41fb70690e28397487d8bd8eea7d712a,https://github.com/torvalds/linux,NVD_DIRECT_COMMIT,1337
CVE-2021-43793,0c6b9df77bac9c6f7c7e2eadf6fe100064afdeab,https://github.com/discourse/discourse,NVD_DIRECT_COMMIT,1337
CVE-2021-33366,0a85029d694f992f3631e2f249e4999daee15cbf,https://github.com/gpac/gpac,NVD_DIRECT_COMMIT,1337
CVE-2013-2930,12ae030d54ef250706da5642fc7697cc60ad0df7,https://github.com/torvalds/linux,NVD_DIRECT_COMMIT,1337
CVE-2019-19066,0e62395da2bd5166d7c9e14cbc7503b256a34cb0,https://github.com/torvalds/linux,NVD_DIRECT_COMMIT,1337
CVE-2022-42003,0e37a39502439ecbaa1a5b5188387c01bf7f7fa1,https://github.com/FasterXML/jackson-databind,GHSD_DIRECT_COMMIT,1337
CVE-2021-33571,9f75e2e562fa0c0482f3dde6fc7399a9070b4a3d,https://github.com/django/django,NVD_DIRECT_COMMIT,1337
CVE-2022-47519,051ae669e4505abbe05165bebf6be7922de11f41,https://github.com/torvalds/linux,NVD_DIRECT_COMMIT,1337
CVE-2015-0275,0f2af21aae11972fa924374ddcf52e88347cf5a8,https://github.com/torvalds/linux,NVD_DIRECT_COMMIT,1337
CVE-2014-4157,137f7df8cead00688524c82360930845396b8a21,https://github.com/torvalds/linux,NVD_DIRECT_COMMIT,1337
CVE-2018-20855,0625b4ba1a5d4703c7fb01c497bd6c156908af00,https://github.com/torvalds/linux,NVD_DIRECT_COMMIT,1337
CVE-2013-1773,0720a06a7518c9d0c0125bd5d1f3b6264c55c3dd,https://github.com/torvalds/linux,NVD_DIRECT_COMMIT,1337
CVE-2015-8569,09ccfd238e5a0e670d8178cf50180ea81ae09ae1,https://github.com/torvalds/linux,NVD_DIRECT_COMMIT,1337
CVE-2022-47932,e73309665508c17e48a67e302d3ab02a38d3ef50,https://github.com/brave/brave-core,NVD_DIRECT_COMMIT,1337
CVE-2014-5354,04038bf3633c4b909b5ded3072dc88c8c419bf16,https://github.com/krb5/krb5,NVD_DIRECT_COMMIT,1337
CVE-2013-4563,0e033e04c2678dbbe74a46b23fffb7bb918c288e,https://github.com/torvalds/linux,NVD_DIRECT_COMMIT,1337
CVE-2018-7191,0ad646c81b2182f7fa67ec0c8c825e0ee165696d,https://github.com/torvalds/linux,NVD_DIRECT_COMMIT,1337
CVE-2016-9462,1208953ba1d4d55a18a639846bbcdd66a2d5bc5e,https://github.com/nextcloud/server,NVD_DIRECT_COMMIT,1337
CVE-2010-5331,0031c41be5c529f8329e327b63cde92ba1284842,https://github.com/torvalds/linux,NVD_DIRECT_COMMIT,1337
CVE-2017-16939,1137b5e2529a8f5ca8ee709288ecba3e68044df2,https://github.com/torvalds/linux,NVD_DIRECT_COMMIT,1337
CVE-2022-36094,047ce9fa4a7c13f3883438aaf54fc50f287a7e8e,https://github.com/xwiki/xwiki-platform,NVD_DIRECT_COMMIT,1337
CVE-2023-26471,00532d9f1404287cf3ec3a05056640d809516006,https://github.com/xwiki/xwiki-platform,NVD_DIRECT_COMMIT,1337
CVE-2018-5873,073c516ff73557a8f7315066856c04b50383ac34,https://github.com/torvalds/linux,NVD_DIRECT_COMMIT,1337
CVE-2022-0736,61984e6843d2e59235d82a580c529920cd8f3711,https://github.com/mlflow/mlflow,NVD_DIRECT_COMMIT,1337
CVE-2023-25654,08247f0a633d8e836ce2e5cd2d53aa19901a1359,https://github.com/baserproject/basercms,NVD_DIRECT_COMMIT,1337
CVE-2013-4588,04bcef2a83f40c6db24222b27a52892cba39dffb,https://github.com/torvalds/linux,NVD_DIRECT_COMMIT,1337
CVE-2023-6129,f3fc5808fe9ff74042d639839610d03b8fdcc015,https://github.com/openssl/openssl,NVD_DIRECT_COMMIT,1337
CVE-2023-35152,0993a7ab3c102f9ac37ffe361a83a3dc302c0e45,https://github.com/xwiki/xwiki-platform,NVD_DIRECT_COMMIT,1337
CVE-2023-23003,0a515a06c5ebfa46fee3ac519e418f801e718da4,https://github.com/torvalds/linux,NVD_DIRECT_COMMIT,1337
CVE-2022-0319,05b27615481e72e3b338bb12990fb3e0c2ecc2a9,https://github.com/vim/vim,NVD_DIRECT_COMMIT,1337
CVE-2022-0577,8ce01b3b76d4634f55067d6cfdf632ec70ba304a,https://github.com/scrapy/scrapy,NVD_DIRECT_COMMIT,1337
CVE-2023-29193,9bbd7d76b6eaba33fe0236014f9b175d21232999,https://github.com/authzed/spicedb,NVD_DIRECT_COMMIT,1337
CVE-2022-2257,083692d598139228e101b8c521aaef7bcf256e9a,https://github.com/vim/vim,NVD_DIRECT_COMMIT,1337
CVE-2017-16996,0c17d1d2c61936401f4702e1846e2c19b200f958,https://github.com/torvalds/linux,NVD_DIRECT_COMMIT,1337
CVE-2011-2493,0449641130f5652b344ef6fa39fa019d7e94660a,https://github.com/torvalds/linux,NVD_DIRECT_COMMIT,1337
CVE-2019-11200,01075081cbcd9130a72115cdb50ee61fc394edc1,https://github.com/Dolibarr/dolibarr,GHSD_DIRECT_COMMIT,1337
CVE-2023-33177,45c6b53c3978639db03b63270a56f4397f49b2c9,https://github.com/xibosignage/xibo-cms,NVD_DIRECT_COMMIT,1337
CVE-2019-18885,09ba3bc9dd150457c506e4661380a6183af651c1,https://github.com/torvalds/linux,NVD_DIRECT_COMMIT,1337
CVE-2017-9608,0a709e2a10b8288a0cc383547924ecfe285cef89,https://github.com/FFmpeg/FFmpeg,NVD_DIRECT_COMMIT,1337
CVE-2022-2207,0971c7a4e537ea120a6bb2195960be8d0815e97b,https://github.com/vim/vim,NVD_DIRECT_COMMIT,1337
CVE-2023-29523,0d547181389f7941e53291af940966413823f61c,https://github.com/xwiki/xwiki-platform,NVD_DIRECT_COMMIT,1337
CVE-2011-2707,0d0138ebe24b94065580bd2601f8bb7eb6152f56,https://github.com/torvalds/linux,NVD_DIRECT_COMMIT,1337
CVE-2012-3430,06b6a1cf6e776426766298d055bb3991957d90a7,https://github.com/torvalds/linux,NVD_DIRECT_COMMIT,1337
CVE-2019-16994,07f12b26e21ab359261bf75cfcb424fdc7daeb6d,https://github.com/torvalds/linux,NVD_DIRECT_COMMIT,1337
CVE-2023-28836,5be2b1ed55fd7259dfdf2c82e7701dba407b8b62,https://github.com/wagtail/wagtail,NVD_DIRECT_COMMIT,1337
CVE-2022-29534,01120163a6b4d905029d416e7305575df31df8af,https://github.com/MISP/MISP,NVD_DIRECT_COMMIT,1337
CVE-2021-36212,01521d614cb578de75a406394b4f0426f6036ba7,https://github.com/MISP/MISP,NVD_DIRECT_COMMIT,1337
CVE-2022-27246,08a07a38ae81f3b55d81cfcd4501ac1eb1c9c4dc,https://github.com/MISP/MISP,NVD_DIRECT_COMMIT,1337
CVE-2023-48657,08bd23281ead288de678de666ef43ed6de1899fc,https://github.com/MISP/MISP,NVD_DIRECT_COMMIT,1337
CVE-2020-11001,61045ceefea114c40ac4b680af58990dbe732389,https://github.com/wagtail/wagtail,NVD_DIRECT_COMMIT,1337
CVE-2022-23491,9e9e840925d7b8e76c76fdac1fab7e6e88c1c3b8,https://github.com/certifi/python-certifi,GHSD_DIRECT_COMMIT,1337
CVE-2023-43655,955a48e6319c8962e5cd421b07c00ab3c728968c,https://github.com/composer/composer,NVD_DIRECT_COMMIT,1337
CVE-2023-48715,ea71ec7ee062aae8d1fa7a7325aaa759205c17d8,https://github.com/Enalean/tuleap,NVD_DIRECT_COMMIT,1337
CVE-2023-4897,3c88aec034934bcbad30c5ef1cab62cbbdb98e64,https://github.com/mintplex-labs/anything-llm,NVD_DIRECT_COMMIT,1337
CVE-2023-4899,dc3dfbf31495fe316b21ee184b9317b38101d30e,https://github.com/mintplex-labs/anything-llm,NVD_DIRECT_COMMIT,1337
CVE-2024-21650,b290bfd573c6f7db6cc15a88dd4111d9fcad0d31,https://github.com/xwiki/xwiki-platform,NVD_DIRECT_COMMIT,1337
CVE-2018-17057,1861e33fe05f653b67d070f7c106463e7a5c26ed,https://github.com/tecnickcom/TCPDF,NVD_DIRECT_COMMIT,1337
CVE-2020-5223,8d0ac336d23cd8c98e71d5f21cdadcae9c8a26e6,https://github.com/PrivateBin/PrivateBin,NVD_DIRECT_COMMIT,1337
CVE-2022-24780,b6fac4b411b8d145fc30fa35c66b51243eafd06b,https://github.com/Combodo/iTop,NVD_DIRECT_COMMIT,1337
CVE-2016-10741,04197b341f23b908193308b8d63d17ff23232598,https://github.com/torvalds/linux,NVD_DIRECT_COMMIT,1337
CVE-2021-39195,e1a8b158e04ad567d92d8daf3cc0898ee18f1a2e,https://github.com/misskey-dev/misskey,NVD_DIRECT_COMMIT,1337
CVE-2021-38299,572e239c5702667ca52487faf861abc768a46308,https://github.com/web-auth/webauthn-framework,GHSD_DIRECT_COMMIT,1337
CVE-2023-46235,2e2421f19620669b9930f72fb73a8dbc5efe4980,https://github.com/FOGProject/fogproject,NVD_DIRECT_COMMIT,1337
CVE-2021-41689,5c14bf53fb42ceca12bbcc0016e8704b1580920d,https://github.com/DCMTK/dcmtk,NVD_DIRECT_COMMIT,1337
CVE-2021-41688,a9697dfeb672b0b9412c00c7d36d801e27ec85cb,https://github.com/DCMTK/dcmtk,NVD_DIRECT_COMMIT,1337
CVE-2021-41690,a9697dfeb672b0b9412c00c7d36d801e27ec85cb,https://github.com/DCMTK/dcmtk,NVD_DIRECT_COMMIT,1337
CVE-2015-8814,18c3345e47663a358a042652e697b988d6a380eb,https://github.com/umbraco/Umbraco-CMS,NVD_DIRECT_COMMIT,1337
CVE-2023-37267,20a4e475c8d7b91d263e4e103ef19f3644e7b569,https://github.com/umbraco/Umbraco-CMS,NVD_DIRECT_COMMIT,1337
CVE-2023-46236,9125f35ff649a3e7fd7771b1c8e5add3c726f763,https://github.com/FOGProject/fogproject,NVD_DIRECT_COMMIT,1337
CVE-2020-26250,a4aac191c16cf6281f3d346615aefa75702b02d7,https://github.com/jupyterhub/oauthenticator,NVD_DIRECT_COMMIT,1337
CVE-2022-39216,35a8b501c9e4e767ec4b36c2586f34d4ab66d229,https://github.com/Combodo/iTop,NVD_DIRECT_COMMIT,1337
CVE-2019-10219,124b7dd6d9a4ad24d4d49f74701f05a13e56ceee,https://github.com/hibernate/hibernate-validator,GHSD_DIRECT_COMMIT,1337
CVE-2023-22887,05bd90f563649f2e9c8f0c85cf5838315a665a02,https://github.com/apache/airflow,GHSD_DIRECT_COMMIT,1337
CVE-2022-2153,00b5f37189d24ac3ed46cb7f11742094778c46ce,https://github.com/torvalds/linux,NVD_DIRECT_COMMIT,1337
CVE-2023-47265,0b995602e6e5894ee31625a4dd0e6aa255d2a651,https://github.com/apache/airflow,GHSD_DIRECT_COMMIT,1337
CVE-2023-50783,0e1c106d7cd0703125528a691088e42e17c99929,https://github.com/apache/airflow,GHSD_DIRECT_COMMIT,1337
CVE-2023-34096,cf03f67621b7bb20e2c768bc62b30e976206aa17,https://github.com/sni/Thruk,NVD_DIRECT_COMMIT,1337
CVE-2023-49285,deee944f9a12c9fd399ce52f3e2526bb573a9470,https://github.com/squid-cache/squid,NVD_DIRECT_COMMIT,1337
CVE-2023-36281,22abeb9f6cc555591bf8e92b5e328e43aa07ff6c,https://github.com/langchain-ai/langchain,GHSD_DIRECT_COMMIT,1337
CVE-2023-39659,cadfce295f8a33828fc635c2e5ea28b883e5c992,https://github.com/langchain-ai/langchain,GHSD_DIRECT_COMMIT,1337
CVE-2016-6156,096cdc6f52225835ff503f987a0d68ef770bb78e,https://github.com/torvalds/linux,NVD_DIRECT_COMMIT,1337
CVE-2021-33503,2d4a3fee6de2fa45eb82169361918f759269b4ec,https://github.com/urllib3/urllib3,NVD_DIRECT_COMMIT,1337
CVE-2020-23931,093283e727f396130651280609e687cd4778e0d1,https://github.com/gpac/gpac,NVD_DIRECT_COMMIT,1337
CVE-2020-7212,a74c9cfbaed9f811e7563cfc3dce894928e0221a,https://github.com/urllib3/urllib3,NVD_DIRECT_COMMIT,1337
CVE-2023-50263,7c4cf3137f45f1541f09f2f6a7f8850cd3a2eaee,https://github.com/nautobot/nautobot,NVD_DIRECT_COMMIT,1337
CVE-2023-25657,d47f157e83b0c353bb2b697f911882c71cf90ca0,https://github.com/nautobot/nautobot,NVD_DIRECT_COMMIT,1337
CVE-2022-39214,4c1df9927d1dc6b0181ee20721f93346def026fd,https://github.com/Combodo/iTop,NVD_DIRECT_COMMIT,1337
CVE-2012-6543,04d4fbca1017c11381e7d82acea21dd741e748bc,https://github.com/torvalds/linux,NVD_DIRECT_COMMIT,1337
CVE-2011-4611,0837e3242c73566fc1c0196b4ec61779c25ffc93,https://github.com/torvalds/linux,NVD_DIRECT_COMMIT,1337
CVE-2015-7513,0185604c2d82c560dab2f2933a18f797e74ab5a8,https://github.com/torvalds/linux,NVD_DIRECT_COMMIT,1337
CVE-2023-50020,1aba814938e3a1b2eec7014bf6ce132d34622e08,https://github.com/open5gs/open5gs,NVD_DIRECT_COMMIT,1337
CVE-2023-23000,045a31b95509c8f25f5f04ec5e0dec5cd09f2c5f,https://github.com/torvalds/linux,NVD_DIRECT_COMMIT,1337
CVE-2023-50019,7278714133422cee46c32c7523f81ec2cecad9e2,https://github.com/open5gs/open5gs,NVD_DIRECT_COMMIT,1337
CVE-2023-30837,0bb7203b584e771b23536ba065a6efda457161bb,https://github.com/vyperlang/vyper,NVD_DIRECT_COMMIT,1337
CVE-2019-15164,33834cb2a4d035b52aa2a26742f832a112e90a0a,https://github.com/the-tcpdump-group/libpcap,NVD_DIRECT_COMMIT,1337
CVE-2019-15163,437b273761adedcbd880f714bfa44afeec186a31,https://github.com/the-tcpdump-group/libpcap,NVD_DIRECT_COMMIT,1337
CVE-2016-2543,030e2c78d3a91dd0d27fef37e91950dde333eba1,https://github.com/torvalds/linux,NVD_DIRECT_COMMIT,1337
CVE-2016-2384,07d86ca93db7e5cdf4743564d98292042ec21af7,https://github.com/torvalds/linux,NVD_DIRECT_COMMIT,1337
CVE-2017-9150,0d0e57697f162da4aa218b5feafe614fb666db07,https://github.com/torvalds/linux,NVD_DIRECT_COMMIT,1337
CVE-2021-33203,053cc9534d174dc89daba36724ed2dcb36755b90,https://github.com/django/django,GHSD_DIRECT_COMMIT,1337
CVE-2016-9083,05692d7005a364add85c6e25a6c4447ce08f913a,https://github.com/torvalds/linux,NVD_DIRECT_COMMIT,1337
CVE-2020-4044,0c791d073d0eb344ee7aaafd221513dc9226762c,https://github.com/neutrinolabs/xrdp,NVD_DIRECT_COMMIT,1337
CVE-2023-45806,7d484864fe91ff79c478f57e7ddb1235d701921e,https://github.com/discourse/discourse,NVD_DIRECT_COMMIT,1337
CVE-2019-15165,a5a36d9e82dde7265e38fe1f87b7f11c461c29f6,https://github.com/the-tcpdump-group/libpcap,NVD_DIRECT_COMMIT,1337
CVE-2019-15165,87d6bef033062f969e70fa40c43dfd945d5a20ab,https://github.com/the-tcpdump-group/libpcap,NVD_DIRECT_COMMIT,1337
CVE-2019-15162,484d60cbf7ca4ec758c3cbb8a82d68b244a78d58,https://github.com/the-tcpdump-group/libpcap,NVD_DIRECT_COMMIT,1337
CVE-2023-43791,3d06c5131c15600621e08b06f07d976887cde81b,https://github.com/HumanSignal/label-studio,NVD_DIRECT_COMMIT,1337
CVE-2012-6548,0143fc5e9f6f5aad4764801015bc8d4b4a278200,https://github.com/torvalds/linux,NVD_DIRECT_COMMIT,1337
CVE-2016-7097,073931017b49d9458aa351605b43a7e34598caef,https://github.com/torvalds/linux,NVD_DIRECT_COMMIT,1337
CVE-2017-18379,0c319d3a144d4b8f1ea2047fd614d2149b68f889,https://github.com/torvalds/linux,NVD_DIRECT_COMMIT,1337
CVE-2018-7634,0843c046eee54b16ec6a7753c575838212770189,https://github.com/Enalean/tuleap,NVD_DIRECT_COMMIT,1337
CVE-2015-5383,012555c1cef35601b543cde67bff8726de97eb39,https://github.com/roundcube/roundcubemail,NVD_DIRECT_COMMIT,1337
CVE-2014-7825,086ba77a6db00ed858ff07451bedee197df868c9,https://github.com/torvalds/linux,NVD_DIRECT_COMMIT,1337
CVE-2017-2584,129a72a0d3c8e139a04512325384fe5ac119e74d,https://github.com/torvalds/linux,NVD_DIRECT_COMMIT,1337
CVE-2023-26470,04e5a89d2879b160cdfaea846024d3d9c1a525e6,https://github.com/xwiki/xwiki-platform,NVD_DIRECT_COMMIT,1337
CVE-2014-7826,086ba77a6db00ed858ff07451bedee197df868c9,https://github.com/torvalds/linux,NVD_DIRECT_COMMIT,1337
CVE-2019-14330,4ab7d19776011288b875abd3eef1e1f6f75289e2,https://github.com/espocrm/espocrm,NVD_DIRECT_COMMIT,1337
CVE-2021-40570,04dbf08bff4d61948bab80c3f9096ecc60c7f302,https://github.com/gpac/gpac,NVD_DIRECT_COMMIT,1337
CVE-2019-14331,4ab7d19776011288b875abd3eef1e1f6f75289e2,https://github.com/espocrm/espocrm,NVD_DIRECT_COMMIT,1337
CVE-2023-35929,0b2945fbd260d37aa0aff2ca1c867d160f76188d,https://github.com/Enalean/tuleap,NVD_DIRECT_COMMIT,1337
CVE-2019-14329,4ab7d19776011288b875abd3eef1e1f6f75289e2,https://github.com/espocrm/espocrm,NVD_DIRECT_COMMIT,1337
CVE-2018-8948,01924cd948dbceb8391be671dab672e9f4a0ffe8,https://github.com/MISP/MISP,NVD_DIRECT_COMMIT,1337
CVE-2023-38685,073661142369a0a66c25775cc3870582a679ef8b,https://github.com/discourse/discourse,NVD_DIRECT_COMMIT,1337
CVE-2012-5517,08dff7b7d629807dbb1f398c68dd9cd58dd657a1,https://github.com/torvalds/linux,NVD_DIRECT_COMMIT,1337
CVE-2019-14763,072684e8c58d17e853f8e8b9f6d9ce2e58d2b036,https://github.com/torvalds/linux,NVD_DIRECT_COMMIT,1337
CVE-2014-5355,102bb6ebf20f9174130c85c3b052ae104e5073ec,https://github.com/krb5/krb5,NVD_DIRECT_COMMIT,1337
CVE-2021-41245,7757f1f2d2330d49a3ebb40194f5ec4c8eaf8186,https://github.com/Combodo/iTop,NVD_DIRECT_COMMIT,1337
CVE-2017-15649,008ba2a13f2d04c947adc536d19debb8fe66f110,https://github.com/torvalds/linux,NVD_DIRECT_COMMIT,1337
CVE-2019-14546,ffd3f762ce4a8de3b8962f33513e073c55d943b5,https://github.com/espocrm/espocrm,NVD_DIRECT_COMMIT,1337
CVE-2016-9243,b924696b2e8731f39696584d12cceeb3aeb2d874,https://github.com/pyca/cryptography,NVD_DIRECT_COMMIT,1337
CVE-2019-14550,ffd3f762ce4a8de3b8962f33513e073c55d943b5,https://github.com/espocrm/espocrm,NVD_DIRECT_COMMIT,1337
CVE-2022-47933,7ef8cb2f232abdf59ec9c3c99a086a14b972bc56,https://github.com/brave/brave-core,NVD_DIRECT_COMMIT,1337
CVE-2023-5844,498ac77e54541177be27b0c710e387c47b3836ea,https://github.com/pimcore/admin-ui-classic-bundle,NVD_DIRECT_COMMIT,1337
CVE-2022-47934,82d8e39043e691e0492519126437275511ee87e8,https://github.com/brave/brave-core,NVD_DIRECT_COMMIT,1337
CVE-2023-49075,e412b0597830ae564a604e2579eb40e76f7f0628,https://github.com/pimcore/admin-ui-classic-bundle,NVD_DIRECT_COMMIT,1337
CVE-2019-15924,01ca667133d019edc9f0a1f70a272447c84ec41f,https://github.com/torvalds/linux,NVD_DIRECT_COMMIT,1337
CVE-2023-25165,5abcf74227bfe8e5a3dbf105fe62e7b12deb58d2,https://github.com/helm/helm,NVD_DIRECT_COMMIT,1337
CVE-2021-28662,051824924c709bd6162a378f746fb859454c674e,https://github.com/squid-cache/squid,NVD_DIRECT_COMMIT,1337
CVE-2020-15184,6aab63765f99050b115f0aec3d6350c85e8da946,https://github.com/helm/helm,GHSD_DIRECT_COMMIT,1337
CVE-2021-32438,00194f5fe462123f70b0bae7987317b52898b868,https://github.com/gpac/gpac,NVD_DIRECT_COMMIT,1337
CVE-2020-15187,6aab63765f99050b115f0aec3d6350c85e8da946,https://github.com/helm/helm,GHSD_DIRECT_COMMIT,1337
CVE-2018-11562,10080096879d1076756f62760d6daf582b6db722,https://github.com/MISP/MISP,NVD_DIRECT_COMMIT,1337
CVE-2021-21303,6ce9ba60b73013857e2e7c73d3f86ed70bc1ac9a,https://github.com/helm/helm,NVD_DIRECT_COMMIT,1337
CVE-2022-31128,58ecb1dee1c46075d3e089980301ebfbe0bafd33,https://github.com/Enalean/tuleap,NVD_DIRECT_COMMIT,1337
CVE-2020-15186,809e2d999e2c33e20e77f6bff30652d79c287542,https://github.com/helm/helm,NVD_DIRECT_COMMIT,1337
CVE-2016-6516,10eec60ce79187686e052092e5383c99b4420a20,https://github.com/torvalds/linux,NVD_DIRECT_COMMIT,1337
CVE-2022-23526,bafafa8bb1b571b61d7a9528da8d40c307dade3d,https://github.com/helm/helm,NVD_DIRECT_COMMIT,1337
CVE-2015-9016,0048b4837affd153897ed1222283492070027aa9,https://github.com/torvalds/linux,NVD_DIRECT_COMMIT,1337
CVE-2023-41338,b8c9ede6efa231116c4bd8bb9d5e03eac1cb76dc,https://github.com/gofiber/fiber,NVD_DIRECT_COMMIT,1337
CVE-2017-8064,005145378c9ad7575a01b6ce1ba118fb427f583a,https://github.com/torvalds/linux,NVD_DIRECT_COMMIT,1337
CVE-2020-15111,f698b5d5066cfe594102ae252cd58a1fe57cf56f,https://github.com/gofiber/fiber,GHSD_DIRECT_COMMIT,1337
CVE-2022-23622,053d957d53f2a543d158f3ab651e390d2728e0b9,https://github.com/xwiki/xwiki-platform,NVD_DIRECT_COMMIT,1337
CVE-2022-24811,92a9a8c65f3cbb2cd4414ca3a3b45a5754ba57b4,https://github.com/Combodo/iTop,NVD_DIRECT_COMMIT,1337
CVE-2021-23431,19b45de2981c09f6f387498ef96d32b4811eba5e,https://github.com/laurent22/joplin,NVD_DIRECT_COMMIT,1337
CVE-2021-32805,6af28521589599b1dbafd6313256229ee9a4fa74,https://github.com/dpgaspar/Flask-AppBuilder,NVD_DIRECT_COMMIT,1337
CVE-2023-32072,6840529def97f564844e810e5a7c5bf837cf58d5,https://github.com/Enalean/tuleap,NVD_DIRECT_COMMIT,1337
CVE-2021-29621,780bd0e8fbf2d36ada52edb769477e0a4edae580,https://github.com/dpgaspar/Flask-AppBuilder,NVD_DIRECT_COMMIT,1337
CVE-2023-25654,002886be0998c74c386e04f0b43688a8a45d7a96,https://github.com/baserproject/basercms,NVD_DIRECT_COMMIT,1337
CVE-2022-24896,8e99e7c82d9fe569799019b9e1d614d38a184313,https://github.com/Enalean/tuleap,NVD_DIRECT_COMMIT,1337
CVE-2022-45598,a2de167b95debad83a0f0c7925a88c0198db812e,https://github.com/laurent22/joplin,NVD_DIRECT_COMMIT,1337
CVE-2018-1000534,494e235e18659574f836f84fcf9f4d4fcdcfcf89,https://github.com/laurent22/joplin,NVD_DIRECT_COMMIT,1337
CVE-2020-9038,3db47b575b9cb0a765da3d283baa2c065df0d0bc,https://github.com/laurent22/joplin,NVD_DIRECT_COMMIT,1337
CVE-2023-47117,f931d9d129002f54a495995774ce7384174cef5c,https://github.com/HumanSignal/label-studio,NVD_DIRECT_COMMIT,1337
CVE-2020-28249,fd90a490c0e5cacd17bfe0ffc422be1d2a9b1c13,https://github.com/laurent22/joplin,GHSD_DIRECT_COMMIT,1337
CVE-2023-6129,050d26383d4e264966fb83428e72d5d48f402d35,https://github.com/openssl/openssl,NVD_DIRECT_COMMIT,1337
CVE-2022-24847,b94a69943992df999d627b21a4ed056fad4569f8,https://github.com/geoserver/geoserver,GHSD_DIRECT_COMMIT,1337
CVE-2021-21330,2545222a3853e31ace15d87ae0e2effb7da0c96b,https://github.com/aio-libs/aiohttp,NVD_DIRECT_COMMIT,1337
CVE-2021-41148,91535add59f4b3a04b6b8eab123c002cd5af180d,https://github.com/Enalean/tuleap,NVD_DIRECT_COMMIT,1337
CVE-2012-2121,09ca8e1173bcb12e2a449698c9ae3b86a8a10195,https://github.com/torvalds/linux,NVD_DIRECT_COMMIT,1337
CVE-2012-3412,68cb695ccecf949d48949e72f8ce591fdaaa325c,https://github.com/torvalds/linux,NVD_DIRECT_COMMIT,1337
CVE-2022-39313,066f29673ab4030b6b5b90c0c0326f7d3fe7612a,https://github.com/parse-community/parse-server,GHSD_DIRECT_COMMIT,1337
CVE-2018-1109,abdafb0cae1e0c00f184abbadc692f4eaa98f451,https://github.com/micromatch/braces,GHSD_DIRECT_COMMIT,1337
CVE-2023-43655,4fce14795aba98e40b6c4f5047305aba17a6120d,https://github.com/composer/composer,NVD_DIRECT_COMMIT,1337
CVE-2016-4302,05caadc7eedbef471ac9610809ba683f0c698700,https://github.com/libarchive/libarchive,NVD_DIRECT_COMMIT,1337
CVE-2023-36475,3dd99dd80e27e5e1d99b42844180546d90c7aa90,https://github.com/parse-community/parse-server,NVD_DIRECT_COMMIT,1337
CVE-2022-0432,4d6d4b43c6186a13e67b92eaf70fe1b70ea24a09,https://github.com/mastodon/mastodon,NVD_DIRECT_COMMIT,1337
CVE-2023-35938,a108186e7538676c4bf6e615f793f3b787a09b91,https://github.com/Enalean/tuleap,NVD_DIRECT_COMMIT,1337
CVE-2022-31151,0a5bee9465e627be36bac88edf7d9bbc9626126d,https://github.com/nodejs/undici,GHSD_DIRECT_COMMIT,1337
CVE-2020-12648,2b71c922214d388838d930806207a66c14e80f63,https://github.com/tinymce/tinymce,GHSD_DIRECT_COMMIT,1337
CVE-2023-33177,1cbba380fa751a00756e70d7b08b5c6646092658,https://github.com/xibosignage/xibo-cms,NVD_DIRECT_COMMIT,1337
CVE-2024-22406,e2256ec81e56f792623e90d89786d8a9fcad28bf,https://github.com/shopware/core,GHSD_DIRECT_COMMIT,1337
CVE-2023-4781,f6d28fe2c95c678cc3202cc5dc825a3fcc709e93,https://github.com/vim/vim,NVD_DIRECT_COMMIT,1337
CVE-2022-23494,8bb2d2646d4e1a718fce61a775fa22e9d317b32d,https://github.com/tinymce/tinymce,NVD_DIRECT_COMMIT,1337
CVE-2017-7495,06bd3c36a733ac27962fea7d6f47168841376824,https://github.com/torvalds/linux,NVD_DIRECT_COMMIT,1337
CVE-2021-41154,ab12b686ced4cf233d3b15b08da008e0553eb6a6,https://github.com/Enalean/tuleap,NVD_DIRECT_COMMIT,1337
CVE-2014-3144,05ab8f2647e4221cbdb3856dd7d32bd5407316b3,https://github.com/torvalds/linux,NVD_DIRECT_COMMIT,1337
CVE-2023-45809,0bacd29473107d9d7f5b723a15a683449679756d,https://github.com/wagtail/wagtail,GHSD_DIRECT_COMMIT,1337
CVE-2016-9084,05692d7005a364add85c6e25a6c4447ce08f913a,https://github.com/torvalds/linux,NVD_DIRECT_COMMIT,1337
CVE-2017-18232,0558f33c06bb910e2879e355192227a8e8f0219d,https://github.com/torvalds/linux,NVD_DIRECT_COMMIT,1337
CVE-2017-6874,040757f738e13caaa9c5078bca79aa97e11dde88,https://github.com/torvalds/linux,NVD_DIRECT_COMMIT,1337
CVE-2023-28837,3c0c64642b9e5b8d28b111263c7f4bddad6c3880,https://github.com/wagtail/wagtail,NVD_DIRECT_COMMIT,1337
CVE-2019-19083,055e547478a11a6360c7ce05e2afc3e366968a12,https://github.com/torvalds/linux,NVD_DIRECT_COMMIT,1337
CVE-2022-24780,93f273a28778e5da8e51096f021d2dc1adbf4ef3,https://github.com/Combodo/iTop,NVD_DIRECT_COMMIT,1337
CVE-2022-39347,027424c2c6c0991cb9c22f9511478229c9b17e5d,https://github.com/FreeRDP/FreeRDP,NVD_DIRECT_COMMIT,1337
CVE-2023-34448,244758d4383034fe4cd292d41e477177870b65ec,https://github.com/getgrav/grav,GHSD_DIRECT_COMMIT,1337
CVE-2023-36468,15a6f845d8206b0ae97f37aa092ca43d4f9d6e59,https://github.com/xwiki/xwiki-platform,NVD_DIRECT_COMMIT,1337
